country,count_citations,count_national_citations,count_international_citations,count_citators,count_national_citators,count_international_citators,papers,Indice_colaboracion_cientifica_internacional,Indice_colaboracion_cientifica_nacional,Tendencia_Global,Indice_Colaboracion_General
Spain,498,56,442,487,49,438,5,87.6,9.8,8.938775510204081,487
Chile,282,26,256,277,27,250,3,83.33333333333333,9.0,9.25925925925926,277
Russia,268,23,245,277,35,242,3,80.66666666666667,11.666666666666666,6.914285714285715,277
Brazil,290,32,258,276,42,234,3,78.0,14.0,5.571428571428571,276
Germany,190,22,168,214,27,187,2,93.5,13.5,6.925925925925926,214
England,190,21,169,207,16,191,2,95.5,8.0,11.9375,207
Argentina,203,27,176,184,21,163,2,81.5,10.5,7.761904761904762,184
